{
  "users": [
    {
      "id": 1,
      "firstName": "Sebastian",
      "lastName": "Eschweiler",
      "userName": "Sebastian1",
      "email": "sebastian@codingthesmartway.com",
      "phoneNumber": "8106586514",
      "password": "Qwerty@1",
      "confirmPassword": "Qwerty@1"
    },
    {
      "id": 2,
      "firstName": "Steve",
      "lastName": "Palmer",
      "userName": "Sebastian1",
      "email": "sebastian@codingthesmartway.com",
      "phoneNumber": "8106586514",
      "password": "Qwerty@1",
      "confirmPassword": "Qwerty@1"
    },
    {
      "firstName": "anvesh",
      "lastName": "anvi",
      "userName": "anvesh123",
      "email": "anvesh@gmail.com",
      "phoneNumber": "1234567890",
      "password": "Maa@1234",
      "confirmPassword": "Maa@1234",
      "id": 4
    }
  ]
}